<?xml version='1.0' encoding='UTF-8'?>
<!--XML generated from EBX® DMA instance [reference=loco_reconciliation_data_model] on Wed Feb 21 12:20:09 IST 2024 by user [admin].-->
<root>
    <toolbarNode>
        <id>83</id>
        <type>TOOLBAR</type>
        <toolbar>
            <name>Loco Reconciliation</name>
            <documentation>
                <localizedDocumentations>
                    <locale>en_US</locale>
                </localizedDocumentations>
            </documentation>
            <location>TABLE_VIEW_TOP</location>
        </toolbar>
    </toolbarNode>
    <toolbarNode>
        <id>84</id>
        <parent>83</parent>
        <type>ACTION_BUTTON</type>
        <ordering>1000</ordering>
        <actionButton>
            <service>
                <serviceKey>@workflowLauncher</serviceKey>
                <launcherDefinition>oworkflow_launchers_1.0:1:loco_reconciliation:V</launcherDefinition>
                <target>c</target>
                <modalSize>l</modalSize>
                <resizable>false</resizable>
            </service>
            <documentation>
                <localizedDocumentations>
                    <locale>en_US</locale>
                    <label>Run Reconciliation</label>
                </localizedDocumentations>
            </documentation>
            <display>
                <layout>TEXT_AND_ICON_LEFT</layout>
                <icon>
                    <type>css</type>
                    <reference>ebx_Add</reference>
                </icon>
                <highlightedButton>false</highlightedButton>
            </display>
        </actionButton>
    </toolbarNode>
    <toolbarNode>
        <id>85</id>
        <parent>83</parent>
        <type>SEPARATOR</type>
        <ordering>2000</ordering>
        <separator>
            <width>20</width>
        </separator>
    </toolbarNode>
    <toolbarNode>
        <id>86</id>
        <parent>83</parent>
        <type>MENU_BUTTON</type>
        <ordering>3000</ordering>
        <menuButton>
            <documentation>
                <localizedDocumentations>
                    <locale>en_US</locale>
                    <label>Actions</label>
                </localizedDocumentations>
            </documentation>
            <display>
                <layout>TEXT_ONLY</layout>
                <highlightedButton>false</highlightedButton>
            </display>
        </menuButton>
    </toolbarNode>
    <toolbarNode>
        <id>87</id>
        <parent>86</parent>
        <type>GROUP_MENU_ITEM</type>
        <ordering>0</ordering>
        <menuGroup>
            <documentation/>
            <type>MENU_BUILDER</type>
            <menuBuilder>
                <menuBuilderKey>@actions_menu_with_separator</menuBuilderKey>
                <excludedServices>@inherit</excludedServices>
                <excludedServices>@overwrite</excludedServices>
                <excludedServices>@gridEditor</excludedServices>
                <filteringPolicy>SMART_FILTERING</filteringPolicy>
            </menuBuilder>
        </menuGroup>
    </toolbarNode>
</root>